Experiment,Root Mean Squared Error
Dummy Regressor,0.45560590764009135
Baseline,0.30600818069664665
Band Importance,0.2787207053119396
Compositing,0.2598849756055292
Hyperparameter Tuning,0.2501681333009808
