Sentinel-2 Data,F1 Score
Level-1C,0.028780757130141228
Level-2A,0.13203771063225056
