Model,Mean Absolute Error,Root Mean Squared Error,R2 Score
ELMRegressor,0.18320190363873817,0.26103435686150367,0.6575983107288008
KNeighborsRegressor,0.16455297022970536,0.26541827245448135,0.6465745895241259
SGDRegressor,0.21289646718177974,0.2862374648174234,0.5887982468601354
SVR,0.1657725159271385,0.2581207783420481,0.6645548891630093
RandomForestRegressor,0.16671475442118497,0.25458363370477666,0.674313428493989
ExtraTreesRegressor,0.16469095988082766,0.25350165002833475,0.677132598998028
HistGradientBoostingRegressor,0.15957902140924052,0.25294146122408,0.6777827746610396
XGBRegressor,0.1589589517419217,0.25016813330098087,0.6847200119825038
